{
  "embeddings": [
    [
      0.1154490051019872,
      -0.050801340254443654,
      -0.1703451676633229,
      -0.13327443350953277,
      0.02632820018638162,
      0.16172480804965272,
      0.1484323732242377,
      -0.0013281010125808209,
      -0.1498675253032842,
      -0.16061943797965159,
      -0.023698580112016636,
      0.13501064301900473,
      0.16959170359183365,
      0.048250933994542854,
      -0.11745152179674781,
      -0.1751695901035527,
      -0.07183754510510498,
      0.09754160756716326,
      0.177241456078352,
      0.09398632726195708,
      -0.07567939739892592,
      -0.1757658331046591,
      -0.11425397243963784,
      0.052302463577196624,
      0.17077225578632532,
      0.13223482358211405,
      -0.027878695591359588,
      -0.1623606706073291,
      -0.1475689938315152,
      0.002896935323711119,
      0.15069943550221923,
      0.15994956966604096,
      0.02214280712413795,
      -0.13602195017091054,
      -0.16912875377618627,
      -0.046739361136846,
      0.11862198458210305,
      0.1749228247295764,
      0.0704004265186141,
      -0.0988477991653609,
      -0.17721581415668466,
      -0.09265242688495194,
      0.07709517437624715,
      0.17596182785853726,
      0.11304998829723358,
      -0.0537994891478142,
      -0.17118596437941755,
      -0.13118485342510686,
      0.029427006778299247,
      0.16298381265933176,
      0.14669405281973646,
      -0.004465542668039181,
      -0.15151953882072472,
      -0.1592671697497902,
      -0.020585299309083392,
      0.13702260038242303,
      0.16865255319442699,
      0.04522412638057296,
      -0.1197831536658355,
      -0.17466235464019025,
      -0.0689577922550716,
      0.10014624631420754,
      0.1771762878702817,
      0.09131126744873343
    ]
  ],
  "dimensions": 64,
  "count": 1
}